{
  "2021": {
    "1": {
      "min": [
        2,
        82,
        4421.733915469742
      ],
      "max": [
        3,
        86,
        6687.121108457514
      ]
    },
    "2": {
      "min": [
        2,
        82,
        4589.085403469297
      ],
      "max": [
        3,
        86,
        6453.065238058596
      ]
    },
    "3": {
      "min": [
        2,
        1,
        5042.07759599424
      ],
      "max": [
        3,
        75,
        6388.858395345973
      ]
    },
    "4": {
      "min": [
        2,
        57,
        4994.080824750901
      ],
      "max": [
        5,
        59,
        6457.6774576294865
      ]
    },
    "5": {
      "min": [
        1,
        1,
        4947.031550169078
      ],
      "max": [
        5,
        84,
        6525.107912885725
      ]
    },
    "6": {
      "min": [
        2,
        57,
        4833.42523966974
      ],
      "max": [
        5,
        84,
        6492.751044459013
      ]
    },
    "7": {
      "min": [
        2,
        57,
        4772.03025693487
      ],
      "max": [
        5,
        84,
        6344.314813537157
      ]
    },
    "8": {
      "min": [
        2,
        57,
        4807.014330830719
      ],
      "max": [
        5,
        84,
        6352.859264580395
      ]
    },
    "9": {
      "min": [
        2,
        57,
        4772.085095437632
      ],
      "max": [
        5,
        84,
        6376.577115887585
      ]
    },
    "10": {
      "min": [
        2,
        57,
        4654.639094365646
      ],
      "max": [
        5,
        84,
        6087.230924440897
      ]
    },
    "11": {
      "min": [
        2,
        57,
        4692.641402124649
      ],
      "max": [
        4,
        90,
        6149.357701343794
      ]
    },
    "12": {
      "min": [
        2,
        57,
        4687.317169536935
      ],
      "max": [
        4,
        90,
        6150.702641819984
      ]
    }
  }
}